{
    "rows": [
        {
            "country": "中国",
            "city": "陕西西安市",
            "times": "2",
            "date": "2010~2014",
            "imgs": [
                "xian_0.jpg"
            ],
            "remark": "读书四年，常往西安，一座有中国古代文化的城市",
            "longitude": "108.941433",
            "latitude": "34.343424"
        },
        {
            "country": "中国",
            "city": "陕西省咸阳市乾县——乾陵",
            "times": "2",
            "date": "2011年4月",
            "imgs": [
                "xianyang_0.jpg",
                "xianyang_1.jpg",
                "xianyang_2.jpg",
                "xianyang_3.jpg",
                "xianyang_4.jpg"
            ],
            "remark": "清明节游乾陵，武则天无字碑，唐高宗墓，有唐永泰公主墓，乾陵地宫……",
            "longitude": "108.217844",
            "latitude": "34.578448"
        },
        {
            "country": "中国",
            "city": "陕西延安市",
            "times": "2",
            "date": "2012年4月",
            "remark": "3日游、路线：黄帝陵——户口瀑布——延安市，延安革命根据地历史文化感受较深",
            "imgs": [
                "yanan_1.jpg",
                "yanan_2.jpg",
                "yanan_3.jpg",
                "yanan_0.jpg",
                "yanan_4.jpg",
                "yanan_5.jpg",
                "yanan_6.jpg",
                "yanan_7.jpg",
                "yanan_8.jpg",
                "yanan_9.jpg"
            ],
            "longitude": "109.493847",
            "latitude": "36.654068"
        },
        {
            "country": "中国",
            "city": "陕西宝鸡市——太白山",
            "times": "2",
            "date": "2014年5月",
            "imgs": [
                "taibaishan_1.jpg",
                "taibaishan_3.jpg",
                "taibaishan_4.jpg",
                "taibaishan_6.jpg",
                "taibaishan_7.jpg"
            ],
            "remark": "太白山2日游，海拔3771米，国家重点风景名胜区，国家级自然保护区",
            "longitude": "107.80",
            "latitude": "34.103965"
        },
        {
            "country": "中国",
            "city": "重庆市",
            "times": "2",
            "date": "2014年6月",
            "imgs": [
                "chungking_1.jpg",
                "chungking_2.jpg",
                "chungking_3.jpg",
                "chungking_4.jpg"
            ],
            "remark": "重庆2日游、火锅、解放碑、洋人街，很有特色的轻轨",
            "longitude": "106.583918",
            "latitude": "29.560395"
        },
        {
            "country": "中国",
            "city": "北京市",
            "times": "2",
            "date": "2014~2016",
            "remark": "北京工作，第一份工作，北漂两年",
            "longitude": "116.399286",
            "latitude": "39.907454"
        },
        {
            "country": "中国",
            "city": "新疆乌鲁木齐市",
            "times": "2",
            "date": "2015年9月",
            "remark": "Forestar，第一次出差，驻场乌市3周左右，住一间2室1厅1厨1卫的房子，自己做饭，写代码。一起的人员有龙哥、洋哥、冬康。",
            "longitude": "87.528442",
            "latitude": "43.842618"
        },
        {
            "country": "中国",
            "city": "福建省福州市",
            "times": "2",
            "date": "2016年4月",
            "imgs": [
                "fuzhou_1.jpg",
                "fuzhou_2.jpg"
            ],
            "remark": "第二次出差，驻场福州地矿局，生活工作于福州一个多月，小伙伴较多:小宋、小爱、小郭、大郭、女生两位，旭哥、岩哥等。",
            "longitude": "119.295872",
            "latitude": "26.082421"
        },
        {
            "country": "中国",
            "city": "福建省武夷山市",
            "times": "2",
            "date": "2016年5月",
            "imgs": [
                "wuyishan_1.jpg",
                "wuyishan_2.jpg",
                "wuyishan_3.jpg",
                "wuyishan_4.jpg"
            ],
            "remark": "Forestar，矿证项目团队集体旅游。武夷山很美，茶很香",
            "longitude": "117.959779",
            "latitude": "27.660599"
        },
        {
            "country": "中国",
            "city": "广东省广州市",
            "times": "2",
            "date": "2016年8月",
            "imgs": [
                "gz_2.jpg",
                "gz_3.jpg",
                "gz_4.jpg"
            ],
            "remark": "第二份工作，结束两年北漂，2016年8月开始在广州的第一份工作",
            "longitude": "113.272674",
            "latitude": "23.157259"
        }
    ]
}